Account_ID,Role,Last_Login,Created_At,Updated_At
ACC0001,,,2020-06-12 08:28:32,2023-07-26 13:50:23
ACC0002,,,2020-08-12 05:33:53,2023-11-24 15:22:13
ACC0003,,,2022-12-26 04:34:43,2023-09-20 17:18:16
ACC0004,,,2022-04-04 12:21:13,2023-08-12 09:03:11
ACC0005,,,2021-01-15 02:29:41,2023-05-20 08:33:48
ACC0006,,,2021-07-11 10:15:30,2024-03-07 12:29:02
ACC0007,,,2021-11-11 14:59:24,2024-05-23 09:42:50
ACC0008,,,2020-05-23 12:01:19,2024-10-04 04:32:14
ACC0009,,,2022-10-09 14:33:03,2024-05-14 05:22:22
ACC0010,,,2022-05-01 02:16:01,2024-02-28 15:17:49
ACC0011,,,2023-01-09 01:53:46,2024-12-17 08:09:49
ACC0012,,,2022-01-11 23:08:27,2025-07-30 05:34:12
ACC0013,,,2023-02-07 19:19:48,2024-12-05 15:29:31
ACC0014,,,2020-11-01 20:29:32,2024-09-14 03:06:04
ACC0015,moderator,2023-12-15 21:02:55,2023-05-03 20:43:27,2024-08-14 15:59:20
ACC0016,,,2022-11-19 00:02:30,2025-08-04 15:02:45
ACC0017,,,2021-09-03 21:22:11,2025-09-29 05:24:36
ACC0018,,,2023-01-13 01:18:25,2023-05-21 08:32:51
ACC0019,,,2022-02-20 20:49:23,2025-01-05 20:55:41
ACC0020,,,2020-08-23 17:03:05,2023-06-04 05:07:29
ACC0021,,,2021-07-26 01:11:28,2025-01-28 07:54:37
ACC0022,moderator,2023-06-27 14:59:21,2020-09-16 15:19:36,2025-12-13 04:08:16
ACC0023,,,2021-10-02 15:32:16,2024-10-02 09:16:48
ACC0024,,,2021-11-26 12:46:49,2023-01-13 06:36:17
ACC0025,,,2022-02-17 19:23:26,2024-04-16 18:12:50
ACC0026,,,2023-07-10 17:59:24,2025-08-08 20:31:29
ACC0027,,,2022-12-09 19:01:57,2023-11-22 13:14:56
ACC0028,,,2021-08-28 03:40:56,2025-11-05 19:39:08
ACC0029,manager,2024-03-19 21:32:19,2020-11-24 09:55:55,2025-07-09 18:41:26
ACC0030,,,2020-10-21 10:36:17,2025-05-29 00:03:25
ACC0031,,,2022-08-27 09:13:22,2023-03-16 23:33:10
ACC0032,,,2020-10-19 22:07:15,2025-06-16 01:16:01
ACC0033,,,2022-01-10 18:31:23,2024-04-04 04:25:07
ACC0034,,,2023-06-12 19:25:24,2023-07-11 18:17:53
ACC0035,,,2020-10-15 03:31:29,2023-04-14 10:33:58
ACC0036,,,2022-02-03 12:20:44,2025-01-18 05:15:09
ACC0037,,,2020-03-05 20:50:47,2023-08-14 06:56:46
ACC0038,manager,2025-08-05 10:09:51,2020-10-26 10:34:30,2023-03-28 10:28:20
ACC0039,,,2021-01-16 10:32:21,2023-03-18 00:20:14
ACC0040,,,2021-09-20 05:48:54,2025-04-10 18:17:46
ACC0041,,,2022-03-21 09:15:52,2023-01-07 07:56:00
ACC0042,,,2020-03-06 15:15:50,2023-02-02 08:45:44
ACC0043,,,2021-09-07 05:15:20,2025-08-06 02:05:52
ACC0044,superadmin,2025-05-26 08:58:49,2022-08-19 11:39:33,2024-02-21 13:29:49
ACC0045,,,2023-09-12 17:45:44,2023-02-02 00:14:26
ACC0046,,,2023-11-18 20:38:09,2025-08-31 09:52:12
ACC0047,,,2020-06-24 22:31:23,2024-08-27 08:58:22
ACC0048,,,2023-05-01 22:27:08,2024-02-05 16:40:12
ACC0049,,,2021-05-10 09:11:59,2023-11-12 15:24:20
ACC0050,,,2021-12-14 11:21:20,2024-12-03 16:34:41
ACC0051,,,2023-05-07 14:08:59,2025-03-14 21:22:19
ACC0052,,,2020-03-07 10:00:25,2024-04-05 19:34:25
ACC0053,,,2023-03-18 09:44:01,2025-11-19 03:28:01
ACC0054,moderator,2024-11-01 15:48:37,2023-10-29 01:45:45,2023-04-05 03:37:31
ACC0055,,,2023-08-06 05:12:04,2023-05-21 19:18:54
ACC0056,,,2022-03-03 20:41:38,2025-05-11 13:18:15
ACC0057,,,2020-12-01 18:04:25,2024-12-11 19:02:31
ACC0058,,,2020-09-01 18:16:43,2023-04-18 06:31:47
ACC0059,moderator,2023-11-02 20:53:16,2023-12-06 13:33:43,2025-07-27 03:05:28
ACC0060,superadmin,2025-05-05 01:36:36,2020-03-04 14:43:24,2025-07-15 20:14:29
ACC0061,,,2020-06-28 10:11:10,2025-02-23 04:59:47
ACC0062,,,2023-04-26 01:01:37,2024-12-21 20:40:03
ACC0063,,,2023-09-25 21:26:34,2023-12-26 13:46:35
ACC0064,,,2020-11-29 16:25:51,2023-05-31 01:12:59
ACC0065,,,2022-08-22 17:48:26,2024-06-26 03:19:05
ACC0066,,,2021-02-17 22:50:11,2023-10-30 21:39:54
ACC0067,,,2021-09-28 10:12:25,2025-10-03 03:34:33
ACC0068,,,2023-11-11 03:17:27,2024-08-06 00:59:57
ACC0069,,,2021-06-18 23:53:18,2024-09-03 06:51:28
ACC0070,,,2023-04-14 10:42:21,2025-08-07 04:17:17
ACC0071,,,2021-01-25 00:39:08,2023-01-09 22:49:01
ACC0072,,,2021-06-01 17:16:20,2023-11-10 07:28:54
ACC0073,,,2023-10-18 11:23:07,2025-05-22 04:13:11
ACC0074,,,2023-12-13 19:06:28,2024-04-03 12:19:01
ACC0075,,,2023-02-25 07:31:52,2025-07-23 12:24:36
ACC0076,,,2023-02-07 15:45:29,2025-09-16 18:30:28
ACC0077,,,2021-08-08 15:22:43,2023-01-27 19:01:55
ACC0078,superadmin,2025-08-21 18:21:28,2021-01-31 10:42:38,2025-07-08 06:27:35
ACC0079,,,2022-07-01 08:45:02,2024-05-14 01:27:06
ACC0080,,,2022-03-05 16:25:29,2025-04-08 15:45:57
ACC0081,,,2021-03-09 15:01:27,2025-11-15 05:11:11
ACC0082,,,2021-09-17 17:43:48,2023-08-11 06:23:58
ACC0083,,,2022-01-04 01:28:17,2024-03-24 17:45:16
ACC0084,,,2021-11-07 04:07:35,2025-09-13 17:25:59
ACC0085,,,2020-11-02 22:02:45,2023-07-17 06:27:35
ACC0086,,,2020-11-12 15:30:46,2024-06-03 09:30:49
ACC0087,,,2023-12-28 21:45:11,2023-04-28 06:22:53
ACC0088,,,2023-11-22 16:07:14,2025-02-11 20:30:15
ACC0089,,,2023-06-11 00:14:28,2023-03-28 17:33:34
ACC0090,,,2020-07-23 09:49:42,2024-04-27 20:13:09
ACC0091,,,2022-08-07 22:59:59,2023-10-24 06:06:04
ACC0092,,,2022-12-14 06:12:41,2023-02-28 01:16:47
ACC0093,,,2022-02-13 08:01:53,2024-06-22 02:53:02
ACC0094,,,2022-02-20 00:27:33,2023-09-07 09:03:51
ACC0095,,,2023-08-13 05:36:14,2023-08-08 04:34:52
ACC0096,,,2023-06-09 10:18:30,2024-10-22 14:55:13
ACC0097,,,2023-03-13 22:46:02,2024-01-02 20:19:53
ACC0098,superadmin,2025-05-21 19:20:15,2023-02-07 18:36:53,2023-11-13 03:25:58
ACC0099,,,2023-10-11 14:18:15,2025-07-01 21:40:05
ACC0100,,,2020-06-24 04:05:28,2023-04-22 08:50:56
