Booking_ID,Payment_ID,Time_Slot_ID,Created_At
BK00078,PM000076,TS0068,2022-11-02 22:08:25
BK00002,PM000087,TS0062,2023-11-10 11:41:24
BK00011,PM000043,TS0035,2025-11-14 12:27:19
BK00017,PM000050,TS0008,2024-06-25 11:46:55
BK00056,PM000073,TS0089,2025-06-01 22:39:30
BK00009,PM000026,TS0071,2023-03-29 04:31:34
BK00004,PM000001,TS0092,2024-03-16 10:21:09
BK00032,PM000028,TS0087,2022-11-13 06:42:37
BK00100,PM000098,TS0056,2025-07-04 05:28:52
BK00017,PM000064,TS0058,2024-08-15 16:59:52
BK00028,PM000027,TS0010,2024-04-28 18:25:52
BK00090,PM000005,TS0051,2024-04-02 10:52:36
BK00094,PM000062,TS0004,2024-06-26 00:07:32
BK00027,PM000072,TS0047,2022-04-18 08:40:00
BK00049,PM000005,TS0043,2025-06-12 11:24:10
BK00022,PM000080,TS0065,2023-09-16 04:55:30
BK00081,PM000037,TS0011,2022-03-18 23:18:47
BK00061,PM000091,TS0039,2022-04-20 04:48:57
BK00064,PM000035,TS0003,2025-10-15 23:35:35
BK00056,PM000061,TS0098,2024-01-22 18:26:06
BK00022,PM000055,TS0059,2024-05-10 05:00:51
BK00048,PM000073,TS0001,2024-05-30 05:49:18
BK00002,PM000006,TS0032,2025-12-18 14:44:22
BK00025,PM000066,TS0085,2024-01-01 23:05:38
BK00052,PM000034,TS0053,2022-05-26 10:17:37
BK00074,PM000058,TS0035,2023-10-08 21:39:49
BK00063,PM000083,TS0076,2023-03-04 03:48:15
BK00067,PM000028,TS0076,2025-12-02 20:46:47
BK00087,PM000063,TS0096,2025-03-22 19:43:19
BK00091,PM000036,TS0077,2022-06-08 09:22:55
BK00077,PM000091,TS0065,2024-05-25 01:15:06
BK00076,PM000095,TS0080,2023-10-08 11:25:01
BK00002,PM000037,TS0077,2025-12-09 07:33:22
BK00019,PM000054,TS0100,2024-06-12 10:47:55
BK00028,PM000017,TS0017,2023-04-01 21:29:55
BK00033,PM000049,TS0013,2022-09-25 03:40:17
BK00021,PM000092,TS0071,2025-04-14 19:25:48
BK00084,PM000010,TS0085,2022-08-02 11:59:54
BK00079,PM000037,TS0072,2023-11-27 08:18:01
BK00033,PM000003,TS0001,2025-12-04 02:39:58
BK00024,PM000088,TS0058,2024-06-13 05:56:50
BK00018,PM000025,TS0076,2024-12-23 11:04:30
BK00064,PM000039,TS0023,2025-07-28 05:53:03
BK00044,PM000051,TS0092,2024-08-02 18:21:02
BK00090,PM000063,TS0009,2024-11-17 18:14:51
BK00068,PM000019,TS0017,2023-02-24 16:23:35
BK00068,PM000083,TS0070,2025-08-22 17:35:18
BK00008,PM000043,TS0085,2025-01-24 10:33:47
BK00009,PM000050,TS0067,2022-04-12 13:59:46
BK00090,PM000010,TS0094,2023-02-14 09:17:58
BK00074,PM000083,TS0048,2024-03-31 11:08:21
BK00060,PM000096,TS0074,2025-05-12 19:31:57
BK00035,PM000051,TS0004,2025-10-23 11:49:01
BK00066,PM000055,TS0088,2024-06-27 22:42:07
BK00035,PM000073,TS0100,2024-03-03 07:01:10
BK00087,PM000070,TS0031,2022-01-08 22:36:22
BK00057,PM000020,TS0026,2024-03-19 04:20:40
BK00007,PM000070,TS0008,2025-03-21 05:07:22
BK00054,PM000011,TS0050,2024-03-31 04:49:15
BK00001,PM000013,TS0054,2023-10-23 12:58:24
BK00041,PM000094,TS0058,2025-11-02 18:26:36
BK00053,PM000036,TS0043,2024-10-19 19:01:56
BK00052,PM000042,TS0042,2024-01-05 17:58:08
BK00046,PM000013,TS0023,2023-06-06 17:07:17
BK00056,PM000036,TS0001,2022-01-15 01:54:15
BK00050,PM000068,TS0058,2023-11-23 18:58:11
BK00054,PM000068,TS0017,2023-08-20 02:05:35
BK00046,PM000010,TS0054,2024-02-23 12:50:55
BK00033,PM000042,TS0014,2022-11-12 06:22:33
BK00033,PM000039,TS0034,2022-05-21 18:39:07
BK00076,PM000079,TS0061,2023-08-30 00:10:47
BK00019,PM000026,TS0026,2024-12-19 14:48:05
BK00069,PM000055,TS0003,2024-11-15 08:29:49
BK00041,PM000061,TS0006,2022-05-11 16:28:47
BK00003,PM000032,TS0053,2023-02-02 01:39:34
BK00080,PM000039,TS0035,2022-11-12 07:43:28
BK00066,PM000083,TS0053,2022-05-05 06:18:42
BK00006,PM000089,TS0043,2022-04-10 19:40:51
BK00079,PM000095,TS0069,2023-04-03 01:06:24
BK00078,PM000100,TS0036,2022-05-22 07:44:24
BK00035,PM000086,TS0075,2022-01-25 21:15:30
BK00099,PM000056,TS0082,2022-05-16 22:06:53
BK00061,PM000077,TS0063,2025-03-25 17:43:49
BK00018,PM000035,TS0044,2022-11-10 20:12:56
BK00035,PM000015,TS0027,2024-01-13 14:10:18
BK00079,PM000035,TS0068,2022-01-27 10:52:47
BK00041,PM000006,TS0060,2023-02-24 12:53:11
BK00097,PM000099,TS0049,2025-11-16 17:55:06
BK00039,PM000066,TS0002,2025-03-19 11:43:07
BK00064,PM000082,TS0082,2023-04-02 20:51:49
BK00033,PM000087,TS0003,2023-11-21 21:16:48
BK00081,PM000098,TS0071,2022-04-03 05:06:36
BK00085,PM000056,TS0001,2022-12-12 22:27:50
BK00033,PM000035,TS0019,2025-08-25 01:36:45
BK00030,PM000012,TS0046,2024-12-22 21:51:44
BK00098,PM000018,TS0043,2024-12-02 10:12:28
BK00079,PM000003,TS0060,2023-01-27 11:21:57
BK00020,PM000006,TS0030,2022-07-17 20:31:01
BK00096,PM000057,TS0086,2024-07-30 17:09:16
BK00037,PM000069,TS0056,2024-07-31 13:12:03
