Account_ID,Feedback_ID,Submitted_At
ACC0002,FB00018,27/2/24 02:40
ACC0002,FB00048,1/4/22 04:42
ACC0002,FB00080,21/1/25 21:23
ACC0002,FB00038,8/7/24 23:18
ACC0003,FB00078,22/6/23 12:20
ACC0003,FB00017,7/2/23 12:51
ACC0004,FB00019,18/1/24 04:55
ACC0004,FB00010,6/2/24 07:14
ACC0004,FB00078,8/1/24 15:44
ACC0006,FB00076,31/8/22 06:00
ACC0006,FB00041,9/8/23 20:16
ACC0007,FB00051,30/4/23 01:30
ACC0008,FB00095,1/5/23 23:16
ACC0009,FB00047,29/10/24 13:17
ACC0009,FB00055,17/6/25 06:52
ACC0010,FB00027,18/5/23 21:30
ACC0013,FB00088,18/10/23 17:01
ACC0013,FB00073,16/1/23 05:58
ACC0013,FB00033,11/11/25 00:00
ACC0014,FB00054,13/10/22 11:16
ACC0014,FB00074,22/8/25 06:47
ACC0016,FB00002,20/3/23 21:21
ACC0016,FB00072,3/2/22 22:57
ACC0016,FB00074,13/6/22 23:24
ACC0017,FB00048,22/9/24 20:13
ACC0017,FB00023,8/6/23 11:00
ACC0018,FB00060,16/12/23 17:56
ACC0018,FB00042,7/5/23 05:57
ACC0019,FB00089,17/12/25 21:58
ACC0019,FB00006,7/10/22 08:40
ACC0020,FB00016,7/10/24 22:26
ACC0020,FB00097,13/5/24 14:47
ACC0021,FB00089,14/2/23 16:45
ACC0021,FB00022,7/5/25 13:30
ACC0023,FB00057,27/8/24 08:37
ACC0025,FB00042,28/5/25 18:01
ACC0027,FB00073,9/4/24 10:31
ACC0030,FB00087,24/7/25 03:16
ACC0030,FB00098,25/12/22 18:47
ACC0032,FB00042,10/12/25 20:58
ACC0034,FB00008,24/12/25 13:40
ACC0034,FB00094,19/1/24 07:47
ACC0034,FB00081,5/10/25 20:22
ACC0034,FB00032,13/1/22 23:23
ACC0034,FB00006,17/1/23 20:24
ACC0035,FB00054,22/9/24 14:06
ACC0035,FB00081,24/4/25 04:59
ACC0037,FB00038,11/10/22 07:44
ACC0039,FB00062,30/11/25 02:03
ACC0039,FB00085,21/10/23 09:23
ACC0039,FB00064,13/9/25 02:34
ACC0042,FB00040,24/6/24 20:38
ACC0043,FB00029,18/11/24 03:17
ACC0045,FB00094,15/5/23 20:59
ACC0047,FB00088,17/8/24 01:47
ACC0049,FB00001,15/1/24 08:27
ACC0049,FB00002,26/4/23 14:52
ACC0050,FB00045,12/7/25 12:45
ACC0050,FB00016,8/2/25 08:33
ACC0051,FB00051,4/5/23 15:48
ACC0051,FB00006,12/4/22 22:41
ACC0051,FB00056,8/9/23 14:43
ACC0051,FB00059,10/2/24 22:28
ACC0053,FB00017,14/4/24 06:32
ACC0055,FB00064,12/7/22 11:30
ACC0055,FB00007,12/12/23 19:10
ACC0057,FB00074,7/5/22 13:35
ACC0058,FB00001,19/3/23 14:08
ACC0058,FB00051,25/1/25 00:15
ACC0061,FB00087,15/1/22 17:19
ACC0061,FB00094,1/7/22 19:44
ACC0062,FB00035,15/1/24 10:08
ACC0063,FB00031,21/3/23 06:54
ACC0064,FB00007,7/10/23 14:49
ACC0068,FB00052,10/4/22 12:02
ACC0068,FB00028,4/8/23 10:18
ACC0068,FB00082,24/3/25 19:21
ACC0069,FB00087,22/10/25 05:00
ACC0070,FB00055,4/3/22 16:17
ACC0072,FB00016,27/1/25 21:40
ACC0075,FB00007,16/10/23 16:45
ACC0075,FB00028,29/5/24 12:01
ACC0076,FB00084,18/1/23 09:24
ACC0077,FB00037,21/11/25 10:23
ACC0080,FB00091,23/11/22 08:08
ACC0082,FB00026,13/6/22 16:09
ACC0083,FB00082,28/5/24 09:41
ACC0088,FB00001,19/5/22 16:03
ACC0088,FB00024,14/2/22 20:56
ACC0090,FB00077,21/1/24 08:25
ACC0090,FB00062,12/3/23 04:51
ACC0092,FB00069,31/5/24 01:33
ACC0093,FB00069,24/11/23 23:43
ACC0094,FB00068,5/8/25 03:11
ACC0095,FB00069,9/9/23 00:35
ACC0096,FB00010,18/6/25 20:50
ACC0097,FB00009,16/8/23 14:12
ACC0097,FB00048,10/3/25 17:01
ACC0097,FB00043,26/3/24 14:47
ACC0097,FB00024,13/5/23 17:24