Account_ID,Address1,Address2,City,State,Country,Age,Profile_Img,Student_ID,Notification_Opt_In,Last_Login,Created_At,Updated_At
ACC0001,2519 Pine Rd,,Seattle,CO,USA,44,,,0,2024-02-22 19:53:40,2020-06-12 08:28:32,2023-07-26 13:50:23
ACC0002,8673 Pine Rd,,Phoenix,NY,USA,60,profile_ACC0002.jpg,,0,2024-06-07 06:12:04,2020-08-12 05:33:53,2023-11-24 15:22:13
ACC0003,1084 Pine Rd,,Phoenix,CO,USA,19,,S18729,1,2024-07-09 13:06:54,2022-12-26 04:34:43,2023-09-20 17:18:16
ACC0004,1867 Main St,,Boston,IL,USA,40,profile_ACC0004.jpg,S51347,1,2025-12-24 03:12:17,2022-04-04 12:21:13,2023-08-12 09:03:11
ACC0005,3154 Oak Ave,,Miami,TX,USA,75,profile_ACC0005.jpg,,1,2024-11-14 17:50:16,2021-01-15 02:29:41,2023-05-20 08:33:48
ACC0006,6545 Oak Ave,,San Francisco,CA,USA,56,,S75700,1,2023-05-07 22:47:03,2021-07-11 10:15:30,2024-03-07 12:29:02
ACC0007,4321 Maple Dr,Apt 835,Austin,TX,USA,33,,,1,2023-10-09 03:11:47,2021-11-11 14:59:24,2024-05-23 09:42:50
ACC0008,6362 Cedar Ln,Apt 628,Chicago,MA,USA,31,profile_ACC0008.jpg,,1,2024-11-05 16:21:13,2020-05-23 12:01:19,2024-10-04 04:32:14
ACC0009,8983 Oak Ave,,New York,AZ,USA,50,profile_ACC0009.jpg,,0,2024-09-24 19:04:16,2022-10-09 14:33:03,2024-05-14 05:22:22
ACC0010,2315 Maple Dr,Apt 789,New York,AZ,USA,74,,,0,2024-01-13 11:33:48,2022-05-01 02:16:01,2024-02-28 15:17:49
ACC0011,2484 Main St,Apt 902,Boston,MA,USA,35,,S93472,1,2023-11-08 06:50:32,2023-01-09 01:53:46,2024-12-17 08:09:49
ACC0012,1849 Oak Ave,,Phoenix,AZ,USA,33,profile_ACC0012.jpg,,0,2024-04-17 00:56:58,2022-01-11 23:08:27,2025-07-30 05:34:12
ACC0013,5986 Main St,Apt 489,New York,TX,USA,70,profile_ACC0013.jpg,S59015,0,2025-03-04 17:53:34,2023-02-07 19:19:48,2024-12-05 15:29:31
ACC0014,7863 Oak Ave,,Chicago,TX,USA,42,profile_ACC0014.jpg,,1,2025-04-25 08:06:10,2020-11-01 20:29:32,2024-09-14 03:06:04
ACC0015,3423 Oak Ave,,Miami,AZ,USA,47,profile_ACC0015.jpg,S42346,1,2025-04-09 01:31:22,2023-05-03 20:43:27,2024-08-14 15:59:20
ACC0016,6332 Pine Rd,,Phoenix,AZ,USA,50,profile_ACC0016.jpg,S15047,0,2025-07-13 16:38:06,2022-11-19 00:02:30,2025-08-04 15:02:45
ACC0017,794 Oak Ave,,Boston,TX,USA,51,,S16461,0,2024-08-19 16:00:13,2021-09-03 21:22:11,2025-09-29 05:24:36
ACC0018,6621 Pine Rd,Apt 293,Miami,NY,USA,43,,S77760,0,2025-08-07 23:31:25,2023-01-13 01:18:25,2023-05-21 08:32:51
ACC0019,7500 Main St,Apt 116,New York,AZ,USA,73,profile_ACC0019.jpg,,1,2024-10-24 16:24:58,2022-02-20 20:49:23,2025-01-05 20:55:41
ACC0020,508 Oak Ave,,Chicago,FL,USA,21,,,0,2023-09-11 03:19:12,2020-08-23 17:03:05,2023-06-04 05:07:29
ACC0021,1970 Maple Dr,Apt 88,Houston,MA,USA,62,profile_ACC0021.jpg,,0,2025-02-14 20:02:14,2021-07-26 01:11:28,2025-01-28 07:54:37
ACC0022,6335 Main St,Apt 935,San Francisco,AZ,USA,71,profile_ACC0022.jpg,,0,2024-01-02 01:52:05,2020-09-16 15:19:36,2025-12-13 04:08:16
ACC0023,6974 Pine Rd,,Miami,CO,USA,56,,S36588,0,2024-06-02 00:26:40,2021-10-02 15:32:16,2024-10-02 09:16:48
ACC0024,7614 Maple Dr,Apt 557,Austin,AZ,USA,72,,,1,2025-07-18 14:55:59,2021-11-26 12:46:49,2023-01-13 06:36:17
ACC0025,7339 Main St,Apt 7,Chicago,TX,USA,33,profile_ACC0025.jpg,,0,2023-04-11 06:43:47,2022-02-17 19:23:26,2024-04-16 18:12:50
ACC0026,2529 Main St,Apt 38,New York,TX,USA,58,profile_ACC0026.jpg,,1,2023-06-29 01:47:06,2023-07-10 17:59:24,2025-08-08 20:31:29
ACC0027,1884 Maple Dr,Apt 166,Denver,AZ,USA,58,profile_ACC0027.jpg,,0,2025-07-21 21:04:46,2022-12-09 19:01:57,2023-11-22 13:14:56
ACC0028,6001 Main St,,Denver,CA,USA,39,profile_ACC0028.jpg,S66010,0,2024-08-22 17:08:30,2021-08-28 03:40:56,2025-11-05 19:39:08
ACC0029,2304 Main St,Apt 282,San Francisco,TX,USA,42,profile_ACC0029.jpg,,0,2023-08-12 20:48:10,2020-11-24 09:55:55,2025-07-09 18:41:26
ACC0030,8766 Main St,,Phoenix,CO,USA,43,profile_ACC0030.jpg,,1,2023-09-23 22:21:56,2020-10-21 10:36:17,2025-05-29 00:03:25
ACC0031,9318 Maple Dr,,Miami,FL,USA,67,,,1,2024-02-01 00:03:27,2022-08-27 09:13:22,2023-03-16 23:33:10
ACC0032,2036 Main St,,Seattle,IL,USA,67,profile_ACC0032.jpg,,0,2024-11-14 12:43:49,2020-10-19 22:07:15,2025-06-16 01:16:01
ACC0033,9281 Oak Ave,,Chicago,CO,USA,32,profile_ACC0033.jpg,,1,2023-01-13 04:08:40,2022-01-10 18:31:23,2024-04-04 04:25:07
ACC0034,5560 Pine Rd,,Phoenix,AZ,USA,17,profile_ACC0034.jpg,,1,2025-09-08 17:16:33,2023-06-12 19:25:24,2023-07-11 18:17:53
ACC0035,682 Oak Ave,,Miami,TX,USA,73,,S64257,0,2025-12-03 10:53:55,2020-10-15 03:31:29,2023-04-14 10:33:58
ACC0036,9356 Pine Rd,,Austin,IL,USA,52,profile_ACC0036.jpg,S56346,0,2023-11-02 10:12:40,2022-02-03 12:20:44,2025-01-18 05:15:09
ACC0037,610 Pine Rd,Apt 642,Houston,NY,USA,52,profile_ACC0037.jpg,,0,2024-09-23 11:27:02,2020-03-05 20:50:47,2023-08-14 06:56:46
ACC0038,618 Pine Rd,,Miami,IL,USA,39,,S38329,1,2023-12-25 04:05:10,2020-10-26 10:34:30,2023-03-28 10:28:20
ACC0039,6231 Main St,Apt 936,Seattle,FL,USA,48,,,0,2024-01-25 12:22:59,2021-01-16 10:32:21,2023-03-18 00:20:14
ACC0040,8021 Cedar Ln,,San Francisco,NY,USA,65,profile_ACC0040.jpg,S77652,0,2024-02-25 01:19:51,2021-09-20 05:48:54,2025-04-10 18:17:46
ACC0041,7626 Maple Dr,Apt 535,Seattle,TX,USA,35,profile_ACC0041.jpg,,0,2024-11-13 16:59:54,2022-03-21 09:15:52,2023-01-07 07:56:00
ACC0042,855 Main St,,Denver,TX,USA,52,profile_ACC0042.jpg,,0,2024-10-19 07:18:07,2020-03-06 15:15:50,2023-02-02 08:45:44
ACC0043,3254 Pine Rd,,San Francisco,FL,USA,58,,,1,2023-08-23 00:33:19,2021-09-07 05:15:20,2025-08-06 02:05:52
ACC0044,9268 Cedar Ln,,Houston,CA,USA,51,,,1,2024-05-16 06:14:09,2022-08-19 11:39:33,2024-02-21 13:29:49
ACC0045,1267 Pine Rd,Apt 347,Houston,FL,USA,19,,,0,2023-08-05 13:57:59,2023-09-12 17:45:44,2023-02-02 00:14:26
ACC0046,981 Main St,,New York,AZ,USA,73,profile_ACC0046.jpg,S68436,1,2024-10-01 12:05:59,2023-11-18 20:38:09,2025-08-31 09:52:12
ACC0047,3346 Cedar Ln,,Miami,AZ,USA,24,,S71377,0,2025-07-22 11:18:03,2020-06-24 22:31:23,2024-08-27 08:58:22
ACC0048,7725 Maple Dr,,Chicago,NY,USA,71,profile_ACC0048.jpg,,1,2025-03-13 06:40:32,2023-05-01 22:27:08,2024-02-05 16:40:12
ACC0049,5512 Pine Rd,,Austin,WA,USA,46,,,0,2024-08-01 12:41:33,2021-05-10 09:11:59,2023-11-12 15:24:20
ACC0050,9515 Oak Ave,,Boston,WA,USA,36,profile_ACC0050.jpg,,1,2025-12-27 16:47:00,2021-12-14 11:21:20,2024-12-03 16:34:41
ACC0051,6666 Cedar Ln,,Phoenix,IL,USA,51,,,0,2024-11-28 07:34:54,2023-05-07 14:08:59,2025-03-14 21:22:19
ACC0052,9782 Maple Dr,Apt 446,Phoenix,CA,USA,50,profile_ACC0052.jpg,,0,2025-09-23 04:09:44,2020-03-07 10:00:25,2024-04-05 19:34:25
ACC0053,9802 Cedar Ln,,Houston,WA,USA,68,,,1,2023-05-23 21:46:55,2023-03-18 09:44:01,2025-11-19 03:28:01
ACC0054,1881 Cedar Ln,Apt 389,San Francisco,FL,USA,57,profile_ACC0054.jpg,,0,2023-01-01 05:20:31,2023-10-29 01:45:45,2023-04-05 03:37:31
ACC0055,2544 Maple Dr,,Boston,AZ,USA,52,,,1,2024-09-05 20:45:47,2023-08-06 05:12:04,2023-05-21 19:18:54
ACC0056,5089 Maple Dr,Apt 938,San Francisco,WA,USA,53,,S62978,0,2024-08-25 02:16:20,2022-03-03 20:41:38,2025-05-11 13:18:15
ACC0057,6149 Cedar Ln,Apt 1,Houston,CA,USA,23,profile_ACC0057.jpg,S40833,1,2025-03-18 22:45:48,2020-12-01 18:04:25,2024-12-11 19:02:31
ACC0058,5312 Maple Dr,,Boston,TX,USA,29,profile_ACC0058.jpg,,0,2025-02-26 13:07:03,2020-09-01 18:16:43,2023-04-18 06:31:47
ACC0059,6935 Oak Ave,,New York,NY,USA,16,,,1,2025-06-13 04:56:36,2023-12-06 13:33:43,2025-07-27 03:05:28
ACC0060,1487 Oak Ave,Apt 426,Miami,AZ,USA,75,,,1,2025-07-10 14:00:25,2020-03-04 14:43:24,2025-07-15 20:14:29
ACC0061,5921 Oak Ave,,Phoenix,TX,USA,52,,S75762,1,2025-04-21 19:53:07,2020-06-28 10:11:10,2025-02-23 04:59:47
ACC0062,9542 Pine Rd,,Austin,AZ,USA,46,profile_ACC0062.jpg,,1,2023-06-13 05:10:23,2023-04-26 01:01:37,2024-12-21 20:40:03
ACC0063,8724 Pine Rd,,Seattle,TX,USA,72,profile_ACC0063.jpg,,0,2024-10-01 22:19:12,2023-09-25 21:26:34,2023-12-26 13:46:35
ACC0064,964 Pine Rd,,Austin,FL,USA,45,profile_ACC0064.jpg,,1,2025-05-12 12:50:57,2020-11-29 16:25:51,2023-05-31 01:12:59
ACC0065,4927 Pine Rd,,Phoenix,CO,USA,62,profile_ACC0065.jpg,,1,2023-12-13 20:51:25,2022-08-22 17:48:26,2024-06-26 03:19:05
ACC0066,945 Pine Rd,Apt 640,Austin,CO,USA,47,,,1,2024-05-31 04:49:32,2021-02-17 22:50:11,2023-10-30 21:39:54
ACC0067,4703 Pine Rd,Apt 15,Seattle,AZ,USA,27,profile_ACC0067.jpg,S96396,1,2025-01-27 06:23:09,2021-09-28 10:12:25,2025-10-03 03:34:33
ACC0068,4380 Oak Ave,,Houston,TX,USA,37,profile_ACC0068.jpg,S88059,0,2025-10-12 15:02:05,2023-11-11 03:17:27,2024-08-06 00:59:57
ACC0069,6377 Oak Ave,Apt 744,New York,IL,USA,52,profile_ACC0069.jpg,,1,2023-08-26 01:54:44,2021-06-18 23:53:18,2024-09-03 06:51:28
ACC0070,2845 Maple Dr,,Denver,FL,USA,63,profile_ACC0070.jpg,S40626,1,2025-03-09 17:16:45,2023-04-14 10:42:21,2025-08-07 04:17:17
ACC0071,4402 Oak Ave,,Boston,TX,USA,34,profile_ACC0071.jpg,,1,2025-12-21 01:29:36,2021-01-25 00:39:08,2023-01-09 22:49:01
ACC0072,1695 Cedar Ln,Apt 980,Boston,AZ,USA,74,profile_ACC0072.jpg,,1,2024-06-30 03:34:41,2021-06-01 17:16:20,2023-11-10 07:28:54
ACC0073,4283 Cedar Ln,,Chicago,AZ,USA,65,,,0,2024-10-03 19:56:16,2023-10-18 11:23:07,2025-05-22 04:13:11
ACC0074,273 Main St,Apt 13,Boston,WA,USA,49,,,0,2024-08-03 09:10:16,2023-12-13 19:06:28,2024-04-03 12:19:01
ACC0075,3263 Main St,,Seattle,TX,USA,54,profile_ACC0075.jpg,S88562,0,2023-09-03 03:08:42,2023-02-25 07:31:52,2025-07-23 12:24:36
ACC0076,2228 Maple Dr,Apt 922,Phoenix,NY,USA,73,,,1,2025-08-14 02:45:24,2023-02-07 15:45:29,2025-09-16 18:30:28
ACC0077,7529 Pine Rd,Apt 709,San Francisco,CO,USA,26,profile_ACC0077.jpg,,0,2025-02-22 14:08:53,2021-08-08 15:22:43,2023-01-27 19:01:55
ACC0078,5550 Main St,,Denver,NY,USA,44,,S36302,1,2024-01-01 23:30:04,2021-01-31 10:42:38,2025-07-08 06:27:35
ACC0079,8161 Main St,,Boston,IL,USA,55,profile_ACC0079.jpg,S43947,0,2023-03-13 02:39:17,2022-07-01 08:45:02,2024-05-14 01:27:06
ACC0080,1253 Cedar Ln,Apt 796,Miami,TX,USA,73,,,0,2023-03-19 14:13:01,2022-03-05 16:25:29,2025-04-08 15:45:57
ACC0081,4465 Oak Ave,Apt 927,Boston,AZ,USA,16,profile_ACC0081.jpg,S74314,1,2025-06-12 14:42:21,2021-03-09 15:01:27,2025-11-15 05:11:11
ACC0082,1248 Cedar Ln,,Boston,FL,USA,23,profile_ACC0082.jpg,S57044,1,2024-09-12 14:35:09,2021-09-17 17:43:48,2023-08-11 06:23:58
ACC0083,1004 Main St,,San Francisco,WA,USA,69,,S94907,0,2023-12-28 20:11:16,2022-01-04 01:28:17,2024-03-24 17:45:16
ACC0084,744 Maple Dr,Apt 307,Boston,WA,USA,56,profile_ACC0084.jpg,,1,2024-01-24 05:05:42,2021-11-07 04:07:35,2025-09-13 17:25:59
ACC0085,684 Oak Ave,,Phoenix,IL,USA,47,,S94332,1,2025-10-20 19:26:24,2020-11-02 22:02:45,2023-07-17 06:27:35
ACC0086,7461 Main St,,Austin,CA,USA,66,profile_ACC0086.jpg,,0,2025-12-07 16:41:19,2020-11-12 15:30:46,2024-06-03 09:30:49
ACC0087,8891 Oak Ave,Apt 239,Seattle,TX,USA,63,,,1,2023-04-04 08:50:08,2023-12-28 21:45:11,2023-04-28 06:22:53
ACC0088,2238 Main St,,Austin,CO,USA,68,profile_ACC0088.jpg,,0,2023-05-11 03:52:17,2023-11-22 16:07:14,2025-02-11 20:30:15
ACC0089,1970 Maple Dr,,Phoenix,IL,USA,20,profile_ACC0089.jpg,,1,2024-10-26 04:23:53,2023-06-11 00:14:28,2023-03-28 17:33:34
ACC0090,9536 Cedar Ln,,Chicago,TX,USA,53,,,1,2023-10-17 15:06:55,2020-07-23 09:49:42,2024-04-27 20:13:09
ACC0091,2853 Pine Rd,,Miami,IL,USA,75,profile_ACC0091.jpg,,1,2023-11-20 00:34:08,2022-08-07 22:59:59,2023-10-24 06:06:04
ACC0092,8078 Main St,,New York,WA,USA,61,profile_ACC0092.jpg,S64555,1,2023-09-17 07:30:21,2022-12-14 06:12:41,2023-02-28 01:16:47
ACC0093,2444 Pine Rd,,Boston,IL,USA,27,profile_ACC0093.jpg,,0,2025-10-20 22:17:02,2022-02-13 08:01:53,2024-06-22 02:53:02
ACC0094,1542 Pine Rd,,Austin,TX,USA,31,,S22541,1,2025-11-05 07:59:00,2022-02-20 00:27:33,2023-09-07 09:03:51
ACC0095,7705 Oak Ave,,Chicago,WA,USA,66,,S72182,1,2023-12-28 05:49:00,2023-08-13 05:36:14,2023-08-08 04:34:52
ACC0096,806 Main St,Apt 292,Chicago,MA,USA,32,,S69394,0,2023-08-02 01:54:35,2023-06-09 10:18:30,2024-10-22 14:55:13
ACC0097,8904 Oak Ave,,Austin,FL,USA,48,,S68303,1,2025-05-08 07:14:10,2023-03-13 22:46:02,2024-01-02 20:19:53
ACC0098,5436 Oak Ave,Apt 334,Chicago,WA,USA,31,profile_ACC0098.jpg,S59221,0,2023-05-31 17:08:53,2023-02-07 18:36:53,2023-11-13 03:25:58
ACC0099,9686 Maple Dr,,Boston,NY,USA,29,profile_ACC0099.jpg,,1,2025-02-03 04:57:58,2023-10-11 14:18:15,2025-07-01 21:40:05
ACC0100,7599 Oak Ave,Apt 999,Denver,IL,USA,37,,,0,2024-07-28 04:58:11,2020-06-24 04:05:28,2023-04-22 08:50:56
